{
  "lights": [
    {
      "name": "Directional Light",
      "type": 2,
      "color": [
        1.0,
        0.99731874,
        0.8726415,
        1.0
      ],
      "intensity": 1.5,
      "range": 10.0,
      "spot_angle": 30.0,
      "position": [
        -54.942772,
        4.9079666,
        -1.9360809
      ],
      "rotation": [
        0.6281465,
        0.0005262139,
        0.14675136,
        0.7641307
      ],
      "scale": [
        1.0,
        1.0,
        1.0
      ],
      "parent": "977342273"
    }
  ]
}